<?xml version="1.0" encoding="UTF-8"?>
<project-private xmlns="http://www.netbeans.org/ns/project-private/1">
    <editor-bookmarks xmlns="http://www.netbeans.org/ns/editor-bookmarks/2" lastBookmarkId="0"/>
    <open-files xmlns="http://www.netbeans.org/ns/projectui-open-files/2">
        <group>
            <file>file:/C:/Users/carlo/Documents/Universidad%20X/Ing.%20Software/Proyectos/GestionEventos/web/jsp/formularioRegistro.jsp</file>
            <file>file:/C:/Users/carlo/Documents/Universidad%20X/Ing.%20Software/Proyectos/GestionEventos/src/java/logicaNegocio/Eventos.java</file>
            <file>file:/C:/Users/carlo/Documents/Universidad%20X/Ing.%20Software/Proyectos/GestionEventos/web/index.html</file>
            <file>file:/C:/Users/carlo/Documents/Universidad%20X/Ing.%20Software/Proyectos/GestionEventos/web/jsp/registrar.jsp</file>
            <file>file:/C:/Users/carlo/Documents/Universidad%20X/Ing.%20Software/Proyectos/GestionEventos/web/jsp/formularioConsulta.jsp</file>
            <file>file:/C:/Users/carlo/Documents/Universidad%20X/Ing.%20Software/Proyectos/GestionEventos/src/java/persistencia/Persistencia.java</file>
        </group>
    </open-files>
</project-private>
